ID,First_Name,Last_Name,House_No,Street,City,Country,Postal_Code,Email,Contact_No,Food,Drinks,Stay,Booking_Date,Roll
1,Raymond,Methven,78,Rockefeller,Kassel,Germany,34132,rmethven0@posterous.com,+49 457 483 6533,Buffet_Veg,L,House,2020-09-10,Guest
2,Rosemaria,Filpi,78,Rockefeller,Kassel,Germany,34132,rmethven0@posterous.com,+49 457 483 6533,Buffet_Veg,L,House,2020-09-11,Child
3,Julie,Egdal,78,Rockefeller,Kassel,Germany,34132,rmethven0@posterous.com,+49 457 483 6533,Buffet_Veg,L,House,2020-09-12,Child
4,Far,Edeson,78,Rockefeller,Kassel,Germany,34132,edesonfar@posterous.com,+49 786 610 1095,Buffet_Veg,L,House,2020-09-13,Guest
5,Roxane,Ellwood,43,Sundown,Zürich,Switzerland,8004,rellwood4@exblog.jp,+41 824 249 0505,Buffet_Veg,S,Tent,2020-09-14,Guest
6,Nealon,Ubsdell,100,Briar Crest,Dresden,Germany,1189,nubsdell5@blogs.com,+49 394 599 0756,Self_Catering,XL,Camper,2020-09-15,Collaborator
7,Fan,Murch,12,Amoth,Essen,Germany,45149,fmurch6@redcross.org,+49 772 956 3111,Self_Catering,M,Tent,2020-09-16,Collaborator
8,Carolee,Thaim,3,Northview,Hamburg Sankt Pauli,Germany,20459,cthaim7@sakura.ne.jp,+49 303 640 8233,Buffet_Veg,XL,Tent,2020-09-17,Collaborator
9,Kirsteni,Sturge,9,Evergreen,Düsseldorf,Germany,40215,ksturge8@hibu.com,+49 628 954 2514,Self_Catering,L,House,2020-09-18,Collaborator
10,Kelwin,Skirving,76,Mariners Cove,Berlin,Germany,14109,kskirving9@stanford.edu,+49 579 843 6353,Buffet_NonVeg,L,Tent,2020-09-19,Collaborator
11,Kimberli,Mayling,59,Brentwood,Wien,Austria,1200,kmaylinga@upenn.edu,+43 570 474 1968,Buffet_NonVeg,S,House,2020-09-20,Guest
12,Alain,Jeromson,59,Brentwood,Wien,Austria,1200,kmaylinga@upenn.edu,+43 570 474 1968,Buffet_NonVeg,S,House,2020-09-21,Child
13,Olenolin,McGeachey,59,Brentwood,Wien,Austria,1200,omcgeacheyc@1und1.de,+49 655 296 4654,Buffet_NonVeg,S,House,2020-09-22,Guest
14,Massimo,Diss,25,Lunder,Luzern,Switzerland,6015,mdissd@cpanel.net,+41 149 181 9794,Self_Catering,M,House,2020-09-23,Guest
15,Reynard,Benedit,24,Colorado,Mönchengladbach,Germany,41199,rbenedite@edublogs.org,+49 910 816 3495,Buffet_NonVeg,S,Tent,2020-09-24,Guest
16,Jorge,Bellon,24,Colorado,Mönchengladbach,Germany,41199,jbellonf@ow.ly,+49 910 816 3495,Buffet_NonVeg,S,Tent,2020-09-25,Child
17,Abagael,Dove,95,Saint Paul,Luzern,Switzerland,6005,adoveg@gmpg.org,+41 942 887 2260,Buffet_NonVeg,S,Tent,2020-09-26,Guest
18,Lodovico,Pikett,95,Saint Paul,Luzern,Switzerland,6005,adoveg@gmpg.org,+41 942 887 2260,Buffet_NonVeg,S,Tent,2020-09-27,Child
19,Jessalin,Trobe,66,Mariners Cove,Duisburg,Germany,47139,jtrobei@123-reg.co.uk,+49 471 193 9845,Self_Catering,L,House,2020-09-28,Collaborator
20,Vitoria,Larmett,53,Kennedy,Zürich,Switzerland,8004,vlarmettj@free.fr,+41 139 894 7589,Buffet_Veg,L,House,2020-09-29,Guest
21,Bear,Cowden,3,Roth,Osnabrück,Germany,49082,bcowdenk@forbes.com,+49 328 307 5853,Buffet_Veg,XL,House,2020-09-30,Collaborator
22,Cthrine,Lambotin,11,Clemons,Leipzig,Germany,4317,clambotinl@upenn.edu,+49 389 574 1679,Buffet_Veg,L,House,2020-10-01,Collaborator
23,Sharla,Kilfedder,8,Green Ridge,Stuttgart,Germany,70374,skilfedderm@nyu.edu,+49 776 872 6676,Buffet_NonVeg,S,Camper,2020-10-02,Collaborator
24,Kacie,Johnys,4,Grayhawk,Stuttgart Stuttgart-Mitte,Germany,45149,kjohnysn@economist.com,+49 319 871 1521,Buffet_NonVeg,M,House,2020-10-03,Guest
25,Gerti,Craythorne,4,Grayhawk,Stuttgart Stuttgart-Mitte,Germany,45149,kjohnysn@economist.com,+49 319 871 1521,Buffet_NonVeg,M,House,2020-10-04,Child
26,Conrado,Potticary,4,Grayhawk,Stuttgart Stuttgart-Mitte,Germany,45149,kjohnysn@economist.com,+49 319 871 1521,Buffet_NonVeg,M,House,2020-10-05,Child
27,Cinderella,Laetham,37,Heffernan,Hamburg,Germany,22111,claethamq@geocities.com,+49 921 136 3249,Buffet_NonVeg,M,Tent,2020-10-06,Collaborator
28,Maurene,Goudard,5,Farragut,Solingen,Germany,42659,mgoudardr@nationalgeographic.com,+49 271 225 2110,Self_Catering,S,Tent,2020-10-07,Guest
29,Hercule,Farragher,44,Katie,Magdeburg,Germany,39130,hfarraghers@gizmodo.com,+49 694 222 4943,Self_Catering,L,House,2020-10-08,Guest
30,Kent,Townson,26,Cottonwood,Berlin,Germany,12045,ktownsont@answers.com,+49 250 666 2388,Buffet_NonVeg,L,House,2020-10-09,Guest
31,Dalenna,Kerin,26,Cottonwood,Berlin,Germany,12045,ktownsont@answers.com,+49 250 666 2388,Buffet_NonVeg,L,House,2020-10-10,Child
32,Elnore,Corden,26,Cottonwood,Berlin,Germany,12045,ecordenv@joomla.org,+49 500 903 0967,Buffet_NonVeg,L,House,2020-10-11,Guest
33,Benny,Burress,99,Farmco,Stuttgart,Germany,70567,bburressw@java.com,+49 200 639 9706,Buffet_Veg,S,House,2020-10-12,Guest
34,Dorette,Wadham,84,Clemons,Osnabrück,Germany,49082,dwadhamx@mayoclinic.com,+49 983 590 2623,Buffet_Veg,S,Tent,2020-10-13,Collaborator
35,Charmian,Mullins,38,Harbort,Sankt Andrä-Höch,Austria,8505,cmullinsy@jugem.jp,+43 485 251 0000,Buffet_NonVeg,L,Camper,2020-10-14,Collaborator
36,Nanette,Wagner,14,Crowley,Stuttgart Stuttgart-Mitte,Germany,70180,nwagnerz@msn.com,+49 430 945 9002,Buffet_NonVeg,L,Camper,2020-10-15,Collaborator
37,Shawn,Stailey,30,Comanche,Bielefeld,Germany,33619,sstailey10@yandex.ru,+49 547 433 1584,Buffet_NonVeg,XL,Camper,2020-10-16,Collaborator
38,Lona,Lorimer,43,Forest Dale,Kiel,Germany,24118,llorimer11@amazon.co.jp,+49 102 219 0950,Buffet_Veg,L,Camper,2020-10-17,Collaborator
39,Patten,Candie,28,Tomscot,Mülheim an der Ruhr,Germany,45473,pcandie12@domainmarket.com,+49 830 619 7269,Buffet_Veg,XL,Camper,2020-10-18,Guest
40,Tobie,Foynes,28,Tomscot,Mülheim an der Ruhr,Germany,45473,pcandie12@domainmarket.com,+49 830 619 7269,Buffet_Veg,XL,Camper,2020-10-19,Child
41,Saundra,Wigfall,28,Tomscot,Mülheim an der Ruhr,Germany,45473,pcandie12@domainmarket.com,+49 830 619 7269,Buffet_Veg,XL,Camper,2020-10-20,Child
42,Barnie,Mullin,28,Tomscot,Mülheim an der Ruhr,Germany,45473,pcandie12@domainmarket.com,+49 830 619 7269,Buffet_Veg,XL,Camper,2020-10-21,Child
43,Vivyanne,Peegrem,28,Tomscot,Mülheim an der Ruhr,Germany,45473,vpeegrem16@prnewswire.com,+49 677 768 8864,Buffet_Veg,XL,Camper,2020-10-22,Guest
44,Vally,Krollman,82,Becker,Wolfsberg,Austria,9421,vkrollman17@vinaora.com,+43 475 761 6234,Self_Catering,S,Tent,2020-10-23,Collaborator
45,Jerrie,Hugland,56,Vahlen,Wien,Austria,1200,jhugland18@archive.org,+43 687 370 6547,Buffet_NonVeg,XL,Camper,2020-10-24,Guest
46,Xaviera,Gresley,56,Vahlen,Wien,Austria,1200,jhugland18@archive.org,+43 687 370 6547,Buffet_NonVeg,XL,Camper,2020-10-25,Child
47,Louise,Tween,56,Vahlen,Wien,Austria,1200,jhugland18@archive.org,+43 687 370 6547,Buffet_NonVeg,XL,Camper,2020-10-26,Child
48,Constantina,Le Marquis,56,Vahlen,Wien,Austria,1200,jhugland18@archive.org,+43 687 370 6547,Buffet_NonVeg,XL,Camper,2020-10-27,Child
49,Kimble,Furzer,56,Vahlen,Wien,Austria,1200,kfurzer1c@goo.gl,+43 157 772 3978,Buffet_NonVeg,XL,Camper,2020-10-28,Guest
50,Patten,Bittlestone,40,Laurel,Freiburg im Breisgau,Germany,79106,pbittlestone1d@wired.com,+49 427 390 0101,Buffet_NonVeg,M,Camper,2020-10-29,Collaborator
51,Willow,Ropartz,38,Shasta,Berlin,Germany,12683,wropartz1e@freewebs.com,+49 811 444 4712,Buffet_Veg,S,House,2020-10-30,Guest
52,Riley,Berthomier,99,Warner,Zwettl,Austria,3923,rberthomier1f@reuters.com,+43 462 858 1086,Buffet_NonVeg,XL,Tent,2020-10-31,Guest
53,Hughie,Henryson,87,Tennessee,Köln,Germany,50674,hhenryson1g@facebook.com,+49 890 825 8159,Buffet_Veg,XL,Camper,2020-11-01,Guest
54,Lily,Belcham,73,Northwestern,Köln,Germany,50935,lbelcham1h@apache.org,+49 265 129 0963,Buffet_NonVeg,M,House,2020-11-02,Collaborator
55,Leila,Koene,68,Merrick,Zürich,Switzerland,8023,lkoene1i@newsvine.com,+41 200 174 1812,Buffet_Veg,M,Tent,2020-11-03,Guest
56,Ange,Scrivens,45,Springs,Berlin,Germany,12103,ascrivens1j@ocn.ne.jp,+49 336 674 5778,Buffet_NonVeg,S,House,2020-11-04,Collaborator
57,Nick,Clayhill,74,Sachs,Essen,Germany,45149,nclayhill1k@ucoz.ru,+49 867 544 4264,Buffet_NonVeg,S,House,2020-11-05,Collaborator
58,Coralyn,Kleisle,19,Debra,Sankt Andrä-Höch,Austria,8505,ckleisle1l@google.ru,+43 544 848 2846,Buffet_NonVeg,M,House,2020-11-06,Guest
59,Francesca,Gommey,41,8th,Hamburg Winterhude,Germany,22303,fgommey1m@forbes.com,+49 578 517 3890,Self_Catering,S,Tent,2020-11-07,Guest
60,Vivie,Sigsworth,85,Rutledge,Dortmund,Germany,44143,vsigsworth1n@prweb.com,+49 113 613 3836,Buffet_NonVeg,L,House,2020-11-08,Guest
61,Maurine,Damiral,64,Marcy,Köln,Germany,50935,mdamiral1o@nationalgeographic.com,+49 530 373 0821,Buffet_NonVeg,L,House,2020-11-09,Collaborator
62,Abbe,Crossman,37,Morning,Kiel,Germany,24109,acrossman1p@github.io,+49 384 764 9185,Buffet_NonVeg,S,Tent,2020-11-10,Collaborator
63,Catriona,MacArthur,67,Golden Leaf,Bochum,Germany,44795,cmacarthur1q@nsw.gov.au,+49 243 517 1215,Buffet_NonVeg,L,Camper,2020-11-11,Guest
64,Rafaela,Wistance,52,Summit,Dresden,Germany,1189,rwistance1r@bizjournals.com,+49 813 755 1452,Self_Catering,M,Tent,2020-11-12,Collaborator
65,Cindy,Adshede,52,Aberg,Dortmund,Germany,44369,cadshede1s@thetimes.co.uk,+49 135 801 4924,Buffet_Veg,S,Camper,2020-11-13,Collaborator
66,Sylvester,Leaton,76,Loeprich,Berlin,Germany,13599,sleaton1t@hibu.com,+49 180 885 9647,Buffet_Veg,XL,Camper,2020-11-14,Guest
67,Cordy,Dumbare,32,Heath,Berlin,Germany,14199,cdumbare1u@usgs.gov,+49 562 181 3937,Buffet_Veg,L,Camper,2020-11-15,Collaborator
68,Haydon,Fencott,93,Heath,Leipzig,Germany,4317,hfencott1v@whitehouse.gov,+49 607 329 1706,Buffet_NonVeg,S,Tent,2020-11-16,Guest
69,Hans,Sedgeworth,37,Tennessee,Dortmund,Germany,44143,hsedgeworth1w@mlb.com,+49 818 428 0299,Buffet_NonVeg,L,Tent,2020-11-17,Collaborator
70,Udell,Whiff,20,Hoard,Dresden,Germany,1189,uwhiff1x@taobao.com,+49 419 102 3818,Buffet_NonVeg,M,House,2020-11-18,Guest
71,Kittie,Keely,20,Hoard,Dresden,Germany,1189,kkeely1y@baidu.com,+49 419 102 3818,Buffet_NonVeg,M,House,2020-11-19,Child
72,Mitzi,Latta,20,Hoard,Dresden,Germany,1189,mlatta1z@cargocollective.com,+49 419 102 3818,Buffet_NonVeg,M,House,2020-11-20,Child
73,Damita,Leet,20,Hoard,Dresden,Germany,1189,dleet20@samsung.com,+49 531 391 0451,Buffet_NonVeg,M,House,2020-11-21,Guest
74,Caty,Senogles,3,Lindbergh,Stuttgart,Germany,70190,csenogles21@smugmug.com,+49 919 254 2948,Self_Catering,S,House,2020-11-22,Collaborator
75,Charita,Tulley,79,Butterfield,Winterthur,Switzerland,8411,ctulley22@ocn.ne.jp,+41 727 567 9081,Self_Catering,L,Camper,2020-11-23,Collaborator
76,Mallissa,Cobbold,88,Melby,Berlin,Germany,12103,mcobbold23@independent.co.uk,+49 560 464 2747,Buffet_NonVeg,L,Camper,2020-11-24,Collaborator
77,Lissie,Kingscote,18,Farmco,Remscheid,Germany,42897,lkingscote24@exblog.jp,+49 716 241 7922,Self_Catering,M,Tent,2020-11-25,Collaborator
78,Victoria,Pavyer,48,Prentice,Essen,Germany,45356,vpavyer25@usgs.gov,+49 612 438 0009,Buffet_Veg,S,Tent,2020-11-26,Collaborator
79,Jinny,Reynolds,83,Pawling,Mülheim an der Ruhr,Germany,45473,jreynolds26@prnewswire.com,+49 616 281 6248,Buffet_Veg,M,House,2020-11-27,Guest
80,Muhammad,Antic,60,Stang,Berlin,Germany,12559,mantic27@example.com,+49 110 281 4524,Buffet_NonVeg,S,Tent,2020-11-28,Guest
81,Kelwin,Gryglewski,44,Lakewood Gardens,Kassel,Germany,34132,kgryglewski28@github.io,+49 887 411 4234,Buffet_NonVeg,S,Tent,2020-11-29,Collaborator
82,Darcey,Northcliffe,82,Chinook,Berlin,Germany,12307,dnorthcliffe29@hp.com,+49 398 923 4896,Buffet_NonVeg,M,House,2020-11-30,Guest
83,Christie,Smurthwaite,12,Daystar,Dresden,Germany,1462,csmurthwaite2a@tripod.com,+49 489 872 0145,Buffet_Veg,S,House,2020-12-01,Collaborator
84,Valma,Fourman,90,Arkansas,Dortmund,Germany,44369,vfourman2b@ihg.com,+49 974 432 8676,Buffet_NonVeg,XL,Tent,2020-12-02,Guest
85,Cathleen,Didball,60,Gale,Zürich,Switzerland,8037,cdidball2c@ebay.co.uk,+41 415 475 4475,Buffet_Veg,S,Tent,2020-12-03,Collaborator
86,Storm,Hoggetts,21,Scoville,Wuppertal,Germany,42349,shoggetts2d@soundcloud.com,+49 546 445 7640,Self_Catering,L,House,2020-12-04,Guest
87,Thea,Embra,7,Badeau,Hamburg Winterhude,Germany,22303,tembra2e@hc360.com,+49 170 238 9263,Self_Catering,M,Tent,2020-12-05,Collaborator
88,Phip,Romans,41,Clyde Gallagher,Hamm,Germany,59071,promans2f@si.edu,+49 757 494 6382,Buffet_NonVeg,M,Tent,2020-12-06,Guest
89,Aylmar,Spehr,41,Clyde Gallagher,Hamm,Germany,59071,aspehr2g@barnesandnoble.com,+49 555 415 0071,Buffet_NonVeg,M,Tent,2020-12-07,Guest
90,Danila,Chrispin,41,Clyde Gallagher,Hamm,Germany,59071,aspehr2g@barnesandnoble.com,+49 555 415 0071,Buffet_NonVeg,M,Tent,2020-12-08,Child
91,Rochette,Yezafovich,90,Dottie,Salzburg,Austria,90451,ryezafovich2i@wunderground.com,+49 850 467 9614,Self_Catering,M,House,2020-12-09,Guest
92,Sharla,Sleany,90,Dottie,Salzburg,Austria,5071,ssleany2j@blogspot.com,+49 850 467 9614,Self_Catering,M,House,2020-12-10,Child
93,Maye,Jahns,90,Dottie,Salzburg,Austria,5071,ssleany2j@blogspot.com,+49 914 678 4538,Self_Catering,M,House,2020-12-11,Guest
94,Lesya,Reaveley,90,Dottie,Salzburg,Austria,5071,ssleany2j@blogspot.com,+49 850 467 9614,Self_Catering,M,House,2020-12-12,Child
95,Corbie,Bourdice,7,Petterle,Thun,Switzerland,3604,cbourdice2m@etsy.com,+41 255 851 8477,Buffet_NonVeg,XL,Tent,2020-12-13,Collaborator
96,Margalit,Josofovitz,95,Reinke,Heilbronn,Germany,74080,mjosofovitz2n@instagram.com,+49 971 315 3313,Buffet_Veg,S,House,2020-12-14,Collaborator
97,Norrie,Berling,32,Norway Maple,Bremerhaven,Germany,27576,nberling2o@nymag.com,+49 571 895 6785,Buffet_NonVeg,XL,Tent,2020-12-15,Collaborator
98,Ulysses,Wilmut,53,Sycamore,Stuttgart,Germany,70374,uwilmut2p@cnbc.com,+49 332 890 9787,Buffet_Veg,M,House,2020-12-16,Guest
99,Bari,Dwelling,52,Jenifer,Berlin,Germany,13347,bdwelling2q@is.gd,+49 171 575 1588,Buffet_NonVeg,L,Camper,2020-12-17,Guest
100,Willem,Rispin,39,Quincy,Freiburg im Breisgau,Germany,79106,wrispin2r@drupal.org,+49 919 871 9466,Buffet_Veg,M,Camper,2020-12-18,Collaborator
